<?xml version="1.0" encoding="UTF-8"?>

<!-- <beans xmlns:context="http://www.springframework.org/schema/context" xmlns:tx="http://www.springframework.org/schema/tx" xmlns:xsi="http://www.w3.org/2001/XMLSchema-instance" xmlns="http://www.springframework.org/schema/beans" xsi:schemalocation="
http://www.springframework.org/schema/beans
http://www.springframework.org/schema/beans/spring-beans-5.1.5.xsd
http://www.springframework.org/schema/context
http://www.springframework.org/schema/context/spring-context-5.1.5.xsd
http://www.springframework.org/schema/tx
http://www.springframework.org/schema/tx/spring-tx-4.3.xsd"> -->
<!-- <beans xmlns:context="http://www.springframework.org/schema/context" xmlns:tx="http://www.springframework.org/schema/tx" xmlns:xsi="http://www.w3.org/2001/XMLSchema-instance" xmlns="http://www.springframework.org/schema/beans" xsi:schemalocation="http://www.springframework.org/schema/beans http://www.springframework.org/schema/beans/spring-beans-2.5.xsd
        http://www.springframework.org/schema/context http://www.springframework.org/schema/context/spring-context-5.1.xsd
  http://www.springframework.org/schema/tx http://www.springframework.org/schema/tx/spring-tx-5.1.xsd "> -->
  <beans xmlns="http://www.springframework.org/schema/beans" xmlns:context="http://www.springframework.org/schema/context" xmlns:tx="http://www.springframework.org/schema/tx"
       xmlns:xsi="http://www.w3.org/2001/XMLSchema-instance"
  xsi:schemaLocation="
    http://www.springframework.org/schema/beans 
    http://www.springframework.org/schema/beans/spring-beans-4.3.xsd
    http://www.springframework.org/schema/context http://www.springframework.org/schema/context/spring-context-4.3.xsd
  http://www.springframework.org/schema/tx http://www.springframework.org/schema/tx/spring-tx-3.0.xsd 
  http://www.springframework.org/schema/security http://www.springframework.org/schema/security/spring-security-2.0.4.xsd 
        http://www.springframework.org/schema/aop http://www.springframework.org/schema/aop/spring-aop-2.5.xsd ">
    
    <context:component-scan base-package="org.dhanjyothibank" />
    <context:annotation-config />
    
    <tx:annotation-driven/>
     <bean id = "multipartResolver" class = "org.springframework.web.multipart.commons.CommonsMultipartResolver">
       <property name="maxUploadSize" value="2097152 "/>
      </bean> 
     

   <!--  <bean id="customerValidator" class="org.dhanjyothibank.pojo.CustomerValidator"></bean> -->
    <bean class="org.springframework.web.servlet.view.InternalResourceViewResolver">
        <property name="prefix" value="/WEB-INF/jsp/" />
        <property name="suffix" value=".jsp" />
    </bean>
    <bean class="org.springframework.jdbc.datasource.DriverManagerDataSource" id="dataSource">
		<property name="driverClassName" value="com.mysql.jdbc.Driver"/>
		<property name="url" value="jdbc:mysql://localhost:3306/mysql"/>
		<property name="username" value="root"/>
		<property name="password" value="root"/>
	</bean>
	<!-- <bean id="multipartResolver"   
class="org.springframework.web.multipart.commons.CommonsMultipartResolver"/>   -->
    <bean id="mySessionFactory" class="org.springframework.orm.hibernate5.LocalSessionFactoryBean">
		<property name="dataSource" ref="dataSource" />
		<property name="annotatedClasses">
				<!-- <value>org.dhanjyothibank.pojo.Customer</value> -->
				<value>org.dhanjyothibank.pojo.FileEntity</value>
				<!-- <value>org.dhanjyothibank.pojo.Account</value> -->
		</property>
		<property name="hibernateProperties">
			<props>
				<prop key="hibernate.dialect"> org.hibernate.dialect.MySQL5Dialect</prop>
				<prop key="hibernate.show_sql">true</prop>
				<!-- <prop key="hibernate.hbm2ddl.auto">create</prop> -->
			</props>
		</property>
	</bean>
    <bean class="org.springframework.orm.hibernate5.HibernateTransactionManager" id="transactionManager">
 <property name="sessionFactory" ref="mySessionFactory"></property>
  </bean>
  <bean class="org.springframework.orm.hibernate5.HibernateTemplate" id="hibernateTemplate">
 <property name="sessionFactory" ref="mySessionFactory"></property>
  </bean>
  

</beans>