<?xml version="1.0" encoding="UTF-8"?>

<!DOCTYPE hibernate-configuration PUBLIC
"-//Hibernate/Hibernate Configuration DTD 3.0//EN"
"http://hibernate.sourceforge.net/hibernate-configuration-3.0.dtd">

<hibernate-configuration>

<session-factory>

<property name="show_sql">true</property>
<property name="hbm2ddl.auto">update</property>
<property name="dialect">org.hibernate.dialect.MySQL5Dialect</property>
<property name="cache.provider_class">org.hibernate.cache.internal.NoCacheProvider</property>







</session-factory>


</hibernate-configuration>

